{"cameraMode":{"drawMode":0,"name":"Shaded","section":"Shading Mode"},"sceneLighting":false,"audioPlay":false,"sceneViewState":{"m_AlwaysRefresh":false,"showFog":true,"showSkybox":false,"showFlares":true,"showImageEffects":true,"showParticleSystems":true,"showVisualEffectGraphs":true,"m_FxEnabled":true},"in2DMode":false,"pivot":{"x":-3.678659200668335,"y":2.609386920928955,"z":-7.524094104766846},"rotation":{"x":0.0005745183443650603,"y":0.9993661046028137,"z":0.019180703908205034,"w":-0.029988577589392663},"size":0.8660253882408142,"orthographic":false}